Huy Chương|19/05/1999|Nữ|123 123 123 123|0978651905|chuong@gmail.com|Normal|nam định|null
Tuyền Tuất|02/06/1994|Nam|123 456 783 123|0978254656|email2@gmail.com|Vip4|Quảng Ninh|null
Như Anh|10/04/1999|Nam|123 123 123 444|0943434343|nhuanh@gmail.com|Vip2|Thái Bình|null
Văn Tú|01/01/2001|Nam|123 123 123 123|0147147147|a@gmail.com|Vip3|Hà Nội|null
Văn Tú|01/01/2001|Nam|123 123 123 123|0147147147|a@gmail.com|Vip3|Hà Nội|null
Vương Văn Tú|25/12/2001|nam|039 066 666 555|0945852123|tungu@gmail.com|vip2|Hà Nội|null
Y N|09/06/1999|Nữ|038 099 001 753|0985153363|yennhihotmit@gmail.com|Vip1|Thanh Hóa|null
Đinh|19/05/1999|nam|123 123 123 555|0978651905|chuong@mail.com|vip1|nam định|null
Đinh Huy Chương|01/01/1995|nam|038 099 001 762|0952645359|chuonggay@gmail.com|vip1|Nam Định|YNHO-0004
Đức Chiến |02/09/11997|Nữ|123 124 145 123 |0949474152|chien@gmail.com|Vip2|Hà Nội|null
Nguyễn Mạnh Tuyền|19/05/1999|nam|038 099 002 798|0978332145|tuyen@gmail.com|vip2|Quảng Ninh|YNVL-0003
